"","Begin.File","Gunshot","Confidence","Tree.","Site","Date","Hour","FileTime","SecondsIntoFile","TimeofGunshot","Treatment","Weekday"
"1","CF10LT___20210407_185907__1021.7_17-2_0.63_gun1.wav",1,5,NA,"CF10LT",2021-04-07,18,2021-04-07 18:59:07,"1021.7",2021-04-07 19:16:08,"CF","Wednesday"
"2","CF10LT___20210407_185907__1603.26_26-43_0.68_gun1.wav",1,5,NA,"CF10LT",2021-04-07,18,2021-04-07 18:59:07,"1603.2",2021-04-07 19:25:50,"CF","Wednesday"
"3","CF12LT___20210324_220000__1206.53_20-7_0.52_gun1.wav",1,5,NA,"CF12LT",2021-03-24,22,2021-03-24 22:00:00,"1206.5",2021-03-24 22:20:06,"CF","Wednesday"
"4","CF12LT___20210324_230000__1515.46_25-15_0.5_gun1.wav",1,4,1,"CF12LT",2021-03-24,23,2021-03-24 23:00:00,"1515.4",2021-03-24 23:25:15,"CF","Wednesday"
"5","CF12LT___20210407_190000__985.73_16-26_0.61_gun1.wav",1,5,NA,"CF12LT",2021-04-07,19,2021-04-07 19:00:00,"985.73",2021-04-07 19:16:25,"CF","Wednesday"
"6","CF12LT___20210407_190000__1567.36_26-7_0.69_gun1.wav",1,5,NA,"CF12LT",2021-04-07,19,2021-04-07 19:00:00,"1567.3",2021-04-07 19:26:07,"CF","Wednesday"
"7","CF12LT___20210407_230000__540.93_9-1_0.53_gun2.wav",1,4,1,"CF12LT",2021-04-07,23,2021-04-07 23:00:00,"540.93",2021-04-07 23:09:00,"CF","Wednesday"
"8","CF12LT___20210428_233000__1099.2_18-19_0.6_gun1.wav",1,5,NA,"CF12LT",2021-04-28,23,2021-04-28 23:30:00,"1099.2",2021-04-28 23:48:19,"CF","Wednesday"
"9","CF12LT___20210512_013000__1576.96_26-17_0.52_gun1.wav",1,4,NA,"CF12LT",2021-05-12,1,2021-05-12 01:30:00,"1576.9",2021-05-12 01:56:16,"CF","Wednesday"
"10","CF12LT___20210602_223000__277.06_4-37_0.63_gun1.wav",1,5,NA,"CF12LT",2021-06-02,22,2021-06-02 22:30:00,"277.06",2021-06-02 22:34:37,"CF","Wednesday"
"11","CF12LT___20210602_223000__1031.1_17-11_0.66_gun1.wav",1,5,NA,"CF12LT",2021-06-02,22,2021-06-02 22:30:00,"1031.1",2021-06-02 22:47:11,"CF","Wednesday"
"12","CF12LT___20210602_230000__685.57_11-26_0.58_gun1.wav",1,5,NA,"CF12LT",2021-06-02,23,2021-06-02 23:00:00,"685.57",2021-06-02 23:11:25,"CF","Wednesday"
"13","CF12LT___20210602_230000__926.14_15-26_0.62_gun1.wav",1,4,1,"CF12LT",2021-06-02,23,2021-06-02 23:00:00,"926.14",2021-06-02 23:15:26,"CF","Wednesday"
"14","CF12LT___20210616_020000__1122.82_18-43_0.61_gun1.wav",1,5,NA,"CF12LT",2021-06-16,2,2021-06-16 02:00:00,"1122.8",2021-06-16 02:18:42,"CF","Wednesday"
"15","CF12LT___20210616_020000__1262.02_21-2_0.58_gun1.wav",1,5,NA,"CF12LT",2021-06-16,2,2021-06-16 02:00:00,"1262.0",2021-06-16 02:21:02,"CF","Wednesday"
"16","CF12LT___20210616_023000__73.54_1-14_0.64_gun2.wav",1,4,1,"CF12LT",2021-06-16,2,2021-06-16 02:30:00,"73.54",2021-06-16 02:31:13,"CF","Wednesday"
"17","CF12LT___20210616_033000__1431.36_23-51_0.67_gun2.wav",1,4,1,"CF12LT",2021-06-16,3,2021-06-16 03:30:00,"1431.3",2021-06-16 03:53:51,"CF","Wednesday"
"18","CF12LT___20210623_000000__408.58_6-49_0.56_gun1.wav",1,5,NA,"CF12LT",2021-06-23,0,2021-06-23 00:00:00,"408.58",2021-06-23 00:06:48,"CF","Wednesday"
"19","CF12LT___20210623_000000__1739.78_28-60_0.6_gun1.wav",1,4,1,"CF12LT",2021-06-23,0,2021-06-23 00:00:00,"1739.7",2021-06-23 00:28:59,"CF","Wednesday"
"20","CF12LT___20210623_013000__701.82_11-42_0.55_gun1.wav",1,4,1,"CF12LT",2021-06-23,1,2021-06-23 01:30:00,"701.82",2021-06-23 01:41:41,"CF","Wednesday"
"21","CF12LT___20210623_040000__895.3_14-55_0.58_gun1.wav",1,5,NA,"CF12LT",2021-06-23,4,2021-06-23 04:00:00,"895.3",2021-06-23 04:14:55,"CF","Wednesday"
"22","CF12LT___20210623_040000__1691.33_28-11_0.56_gun1.wav",1,4,1,"CF12LT",2021-06-23,4,2021-06-23 04:00:00,"1691.3",2021-06-23 04:28:11,"CF","Wednesday"
"23","CF12LT___20210707_003000__652.35_10-52_0.55_gun1.wav",1,5,NA,"CF12LT",2021-07-07,0,2021-07-07 00:30:00,"652.35",2021-07-07 00:40:52,"CF","Wednesday"
"24","CF12LT___20210714_000000__1423.81_23-44_0.55_gun1.wav",1,4,NA,"CF12LT",2021-07-14,0,2021-07-14 00:00:00,"1423.8",2021-07-14 00:23:43,"CF","Wednesday"
"25","CF12LT___20210714_000000__1469.57_24-30_0.51_gun2.wav",1,4,1,"CF12LT",2021-07-14,0,2021-07-14 00:00:00,"1469.5",2021-07-14 00:24:29,"CF","Wednesday"
"26","CF12LT___20210714_003000__964.29_16-4_0.6_gun1.wav",1,4,1,"CF12LT",2021-07-14,0,2021-07-14 00:30:00,"964.29",2021-07-14 00:46:04,"CF","Wednesday"
"27","CF12LT___20210714_010000__44.8_0-45_0.64_gun1.wav",1,4,1,"CF12LT",2021-07-14,1,2021-07-14 01:00:00,"44.80",2021-07-14 01:00:44,"CF","Wednesday"
"28","CF12LT___20210714_010000__79.62_1-20_0.55_gun1.wav",1,4,1,"CF12LT",2021-07-14,1,2021-07-14 01:00:00,"79.62",2021-07-14 01:01:19,"CF","Wednesday"
"29","CF12LT___20210714_010000__1778.88_29-39_0.57_gun1.wav",1,4,1,"CF12LT",2021-07-14,1,2021-07-14 01:00:00,"1778.8",2021-07-14 01:29:38,"CF","Wednesday"
"30","CF12LT___20210714_030000__1158.14_19-18_0.62_gun1.wav",1,4,1,"CF12LT",2021-07-14,3,2021-07-14 03:00:00,"1158.1",2021-07-14 03:19:18,"CF","Wednesday"
"31","CF1ST____20210321_223000__1788.67_29-49_0.51_gun1.wav",1,4,NA,"CF1ST",2021-03-21,22,2021-03-21 22:30:00,"1788.6",2021-03-21 22:59:48,"CF","Sunday"
"32","CF1ST____20210325_010000__418.56_6-59_0.63_gun1.wav",1,4,NA,"CF1ST",2021-03-25,1,2021-03-25 01:00:00,"418.56",2021-03-25 01:06:58,"CF","Thursday"
"33","CF2LT____20210331_003010__924.42_15-24_0.57_gun1.wav",1,4,NA,"CF2LT",2021-03-31,0,2021-03-31 00:30:10,"924.42",2021-03-31 00:45:34,"CF","Wednesday"
"34","CF2LT____20210428_203007__570.75_9-31_0.5_gun1.wav",1,4,NA,"CF2LT",2021-04-28,20,2021-04-28 20:30:07,"570.75",2021-04-28 20:39:37,"CF","Wednesday"
"35","CF2LT____20210428_233012__1056.64_17-37_0.58_gun1.wav",1,4,1,"CF2LT",2021-04-28,23,2021-04-28 23:30:12,"1056.6",2021-04-28 23:47:48,"CF","Wednesday"
"36","CF2LT____20210505_123011__1131.33_18-51_0.7_gun2.wav",1,5,NA,"CF2LT",2021-05-05,12,2021-05-05 12:30:11,"1131.3",2021-05-05 12:49:02,"CF","Wednesday"
"37","CF2LT____20210505_203009__83.9_1-24_0.71_gun2.wav",1,5,NA,"CF2LT",2021-05-05,20,2021-05-05 20:30:09,"83.91",2021-05-05 20:31:32,"CF","Wednesday"
"38","CF3ST____20210319_223000__1230.78_20-31_0.57_gun2.wav",1,4,1,"CF3ST",2021-03-19,22,2021-03-19 22:30:00,"1230.7",2021-03-19 22:50:30,"CF","Friday"
"39","CF3ST____20210322_003000__1173.44_19-33_0.53_gun1.wav",1,4,1,"CF3ST",2021-03-22,0,2021-03-22 00:30:00,"1173.4",2021-03-22 00:49:33,"CF","Monday"
"40","CF3ST____20210325_010000__413.44_6-53_0.62_gun1.wav",1,5,NA,"CF3ST",2021-03-25,1,2021-03-25 01:00:00,"413.44",2021-03-25 01:06:53,"CF","Thursday"
"41","CF4LT____20210407_190000__988.35_16-28_0.57_gun2.wav",1,4,1,"CF4LT",2021-04-07,19,2021-04-07 19:00:00,"988.35",2021-04-07 19:16:28,"CF","Wednesday"
"42","CF4LT____20210407_190000__1570.43_26-10_0.65_gun2.wav",1,4,1,"CF4LT",2021-04-07,19,2021-04-07 19:00:00,"1570.4",2021-04-07 19:26:10,"CF","Wednesday"
"43","CF4LT____20210407_230000__542.02_9-2_0.52_gun1.wav",1,5,NA,"CF4LT",2021-04-07,23,2021-04-07 23:00:00,"542.02",2021-04-07 23:09:02,"CF","Wednesday"
"44","CF4LT____20210428_233000__1121.02_18-41_0.58_gun1.wav",1,4,1,"CF4LT",2021-04-28,23,2021-04-28 23:30:00,"1121.0",2021-04-28 23:48:41,"CF","Wednesday"
"45","CF4LT____20210505_123000__1213.38_20-13_0.61_gun1.wav",1,5,NA,"CF4LT",2021-05-05,12,2021-05-05 12:30:00,"1213.3",2021-05-05 12:50:13,"CF","Wednesday"
"46","CF4LT____20210505_203000__165.38_2-45_0.62_gun2.wav",1,4,1,"CF4LT",2021-05-05,20,2021-05-05 20:30:00,"165.38",2021-05-05 20:32:45,"CF","Wednesday"
"47","CF4LT____20210526_013000__506.11_8-26_0.62_gun1.wav",1,5,NA,"CF4LT",2021-05-26,1,2021-05-26 01:30:00,"506.11",2021-05-26 01:38:26,"CF","Wednesday"
"48","CF4LT____20210602_223000__1041.66_17-22_0.55_gun1.wav",1,4,NA,"CF4LT",2021-06-02,22,2021-06-02 22:30:00,"1041.6",2021-06-02 22:47:21,"CF","Wednesday"
"49","CF4LT____20210602_230000__936.96_15-37_0.56_gun1.wav",1,5,NA,"CF4LT",2021-06-02,23,2021-06-02 23:00:00,"936.96",2021-06-02 23:15:36,"CF","Wednesday"
"50","CF4LT____20210616_013000__1610.75_26-51_0.56_gun1.wav",1,4,1,"CF4LT",2021-06-16,1,2021-06-16 01:30:00,"1610.7",2021-06-16 01:56:50,"CF","Wednesday"
"51","CF4LT____20210616_020000__1148.16_19-8_0.63_gun1.wav",1,5,NA,"CF4LT",2021-06-16,2,2021-06-16 02:00:00,"1148.1",2021-06-16 02:19:08,"CF","Wednesday"
"52","CF4LT____20210616_020000__1287.42_21-27_0.63_gun1.wav",1,5,NA,"CF4LT",2021-06-16,2,2021-06-16 02:00:00,"1287.4",2021-06-16 02:21:27,"CF","Wednesday"
"53","CF4LT____20210616_023000__103.23_1-43_0.55_gun1.wav",1,4,1,"CF4LT",2021-06-16,2,2021-06-16 02:30:00,"103.23",2021-06-16 02:31:43,"CF","Wednesday"
"54","CF4LT____20210616_033000__1460.29_24-20_0.59_gun1.wav",1,4,1,"CF4LT",2021-06-16,3,2021-06-16 03:30:00,"1460.2",2021-06-16 03:54:20,"CF","Wednesday"
"55","CF4LT____20210630_193000__1223.55_20-24_0.64_gun1.wav",1,5,NA,"CF4LT",2021-06-30,19,2021-06-30 19:30:00,"1223.5",2021-06-30 19:50:23,"CF","Wednesday"
"56","CF4LT____20210630_200000__502.98_8-23_0.63_gun1.wav",1,5,NA,"CF4LT",2021-06-30,20,2021-06-30 20:00:00,"502.98",2021-06-30 20:08:22,"CF","Wednesday"
"57","CF4LT____20210630_203000__340.35_5-40_0.54_gun1.wav",1,5,NA,"CF4LT",2021-06-30,20,2021-06-30 20:30:00,"340.35",2021-06-30 20:35:40,"CF","Wednesday"
"58","CF4LT____20210707_233000__628.48_10-28_0.66_gun2.wav",1,4,1,"CF4LT",2021-07-07,23,2021-07-07 23:30:00,"628.48",2021-07-07 23:40:28,"CF","Wednesday"
"59","CF4LT____20210714_020000__691.07_11-31_0.53_gun1.wav",1,4,1,"CF4LT",2021-07-14,2,2021-07-14 02:00:00,"691.07",2021-07-14 02:11:31,"CF","Wednesday"
"60","CF5ST____20210318_210000__947.9_15-48_0.63_gun1.wav",1,5,NA,"CF5ST",2021-03-18,21,2021-03-18 21:00:00,"947.9",2021-03-18 21:15:47,"CF","Thursday"
"61","CF5ST____20210321_213000__1409.98_23-30_0.64_gun1.wav",1,5,NA,"CF5ST",2021-03-21,21,2021-03-21 21:30:00,"1409.9",2021-03-21 21:53:29,"CF","Sunday"
"62","CF5ST____20210321_233000__1133.57_18-54_0.51_gun1.wav",1,4,NA,"CF5ST",2021-03-21,23,2021-03-21 23:30:00,"1133.5",2021-03-21 23:48:53,"CF","Sunday"
"63","CF5ST____20210325_030000__324.1_5-24_0.51_gun1.wav",1,4,1,"CF5ST",2021-03-25,3,2021-03-25 03:00:00,"324.1",2021-03-25 03:05:24,"CF","Thursday"
"64","CF6LT____20210407_225858__1074.5_17-54_0.59_gun2.wav",1,4,NA,"CF6LT",2021-04-07,22,2021-04-07 22:58:58,"1074.5",2021-04-07 23:16:52,"CF","Wednesday"
"65","CF6LT____20210407_225858__1102.98_18-23_0.56_gun1.wav",1,4,1,"CF6LT",2021-04-07,22,2021-04-07 22:58:58,"1102.9",2021-04-07 23:17:20,"CF","Wednesday"
"66","CF7ST____20210321_213000__1404.74_23-25_0.52_gun1.wav",1,5,NA,"CF7ST",2021-03-21,21,2021-03-21 21:30:00,"1404.7",2021-03-21 21:53:24,"CF","Sunday"
"67","CF7ST____20210321_233000__1128.96_18-49_0.57_gun1.wav",1,5,NA,"CF7ST",2021-03-21,23,2021-03-21 23:30:00,"1128.9",2021-03-21 23:48:48,"CF","Sunday"
"68","CF7ST____20210322_000000__876.8_14-37_0.6_gun1.wav",1,5,NA,"CF7ST",2021-03-22,0,2021-03-22 00:00:00,"876.8",2021-03-22 00:14:36,"CF","Monday"
"69","CF7ST____20210322_003000__1177.6_19-38_0.51_gun1.wav",1,5,NA,"CF7ST",2021-03-22,0,2021-03-22 00:30:00,"1177.6",2021-03-22 00:49:37,"CF","Monday"
"70","CF9ST____20210318_193000__580.03_9-40_0.53_gun1.wav",1,4,NA,"CF9ST",2021-03-18,19,2021-03-18 19:30:00,"580.03",2021-03-18 19:39:40,"CF","Thursday"
"71","CF9ST____20210319_203000__328.51_5-29_0.56_gun1.wav",1,4,NA,"CF9ST",2021-03-19,20,2021-03-19 20:30:00,"328.51",2021-03-19 20:35:28,"CF","Friday"
"72","CF9ST____20210324_123000__1286.34_21-26_0.55_gun1.wav",1,5,NA,"CF9ST",2021-03-24,12,2021-03-24 12:30:00,"1286.3",2021-03-24 12:51:26,"CF","Wednesday"
"73","CF9ST____20210324_220000__1211.01_20-11_0.56_gun1.wav",1,5,NA,"CF9ST",2021-03-24,22,2021-03-24 22:00:00,"1211.0",2021-03-24 22:20:11,"CF","Wednesday"
"74","CF9ST____20210324_230000__1518.98_25-19_0.65_gun2.wav",1,5,NA,"CF9ST",2021-03-24,23,2021-03-24 23:00:00,"1518.9",2021-03-24 23:25:18,"CF","Wednesday"
"75","IPA10ST__20210219_222959__241.66_4-2_0.59_gun1.wav",1,5,NA,"IPA10ST",2021-02-19,22,2021-02-19 22:29:59,"241.66",2021-02-19 22:34:00,"NP","Friday"
"76","IPA10ST__20210222_215949__904.9_15-5_0.58_gun1.wav",1,5,NA,"IPA10ST",2021-02-22,21,2021-02-22 21:59:49,"904.9",2021-02-22 22:14:53,"NP","Monday"
"77","IPA10ST__20210222_232948__16.26_0-16_0.57_gun1.wav",1,5,NA,"IPA10ST",2021-02-22,23,2021-02-22 23:29:48,"16.26",2021-02-22 23:30:04,"NP","Monday"
"78","IPA10ST__20210223_012949__944.38_15-44_0.68_gun2.wav",1,4,1,"IPA10ST",2021-02-23,1,2021-02-23 01:29:49,"944.38",2021-02-23 01:45:33,"NP","Tuesday"
"79","IPA10ST__20210223_012949__688_11-28_0.57_gun1.wav",1,4,NA,"IPA10ST",2021-02-23,1,2021-02-23 01:29:49,"68811",2021-02-23 20:36:40,"NP","Tuesday"
"80","IPA10ST__20210223_015949__1779.58_29-40_0.53_gun2.wav",1,4,1,"IPA10ST",2021-02-23,1,2021-02-23 01:59:49,"1779.5",2021-02-23 02:29:28,"NP","Tuesday"
"81","IPA10ST__20210223_022948__118.4_1-58_0.61_gun2.wav",1,4,1,"IPA10ST",2021-02-23,2,2021-02-23 02:29:48,"118.4",2021-02-23 02:31:46,"NP","Tuesday"
"82","IPA10ST__20210225_225953__434.56_7-15_0.53_gun1.wav",1,4,1,"IPA10ST",2021-02-25,22,2021-02-25 22:59:53,"434.56",2021-02-25 23:07:07,"NP","Thursday"
"83","IPA10ST__20210225_232940__1450.18_24-10_0.51_gun1.wav",1,4,1,"IPA10ST",2021-02-25,23,2021-02-25 23:29:40,"1450.1",2021-02-25 23:53:50,"NP","Thursday"
"84","IPA10ST__20210226_005941__398.34_6-38_0.67_gun2.wav",1,5,NA,"IPA10ST",2021-02-26,0,2021-02-26 00:59:41,"398.34",2021-02-26 01:06:19,"NP","Friday"
"85","IPA10ST__20210227_225935__1037.44_17-17_0.57_gun1.wav",1,5,NA,"IPA10ST",2021-02-27,22,2021-02-27 22:59:35,"1037.4",2021-02-27 23:16:52,"NP","Saturday"
"86","IPA11ST__20210222_220002__888.58_14-49_0.55_gun1.wav",1,5,NA,"IPA11ST",2021-02-22,22,2021-02-22 22:00:02,"888.58",2021-02-22 22:14:50,"NP","Monday"
"87","IPA11ST__20210223_012956__677.82_11-18_0.61_gun1.wav",1,4,NA,"IPA11ST",2021-02-23,1,2021-02-23 01:29:56,"677.82",2021-02-23 01:41:13,"NP","Tuesday"
"88","IPA11ST__20210223_012956__933.38_15-33_0.65_gun2.wav",1,5,NA,"IPA11ST",2021-02-23,1,2021-02-23 01:29:56,"933.38",2021-02-23 01:45:29,"NP","Tuesday"
"89","IPA11ST__20210223_023002__104.38_1-44_0.54_gun2.wav",1,4,1,"IPA11ST",2021-02-23,2,2021-02-23 02:30:02,"104.38",2021-02-23 02:31:46,"NP","Tuesday"
"90","IPA11ST__20210225_232951__1443.65_24-4_0.52_gun1.wav",1,4,1,"IPA11ST",2021-02-25,23,2021-02-25 23:29:51,"1443.6",2021-02-25 23:53:54,"NP","Thursday"
"91","IPA11ST__20210226_005951__392.83_6-33_0.51_gun2.wav",1,4,NA,"IPA11ST",2021-02-26,0,2021-02-26 00:59:51,"392.83",2021-02-26 01:06:23,"NP","Friday"
"92","IPA11ST__20210227_225958__1013.57_16-54_0.64_gun1.wav",1,5,NA,"IPA11ST",2021-02-27,22,2021-02-27 22:59:58,"1013.5",2021-02-27 23:16:51,"NP","Saturday"
"93","IPA13ST__20210223_222957__463.42_7-43_0.59_gun1.wav",1,4,NA,"IPA13ST",2021-02-23,22,2021-02-23 22:29:57,"463.42",2021-02-23 22:37:40,"NP","Tuesday"
"94","IPA13ST__20210227_225946__1026.82_17-7_0.71_gun2.wav",1,5,NA,"IPA13ST",2021-02-27,22,2021-02-27 22:59:46,"1026.8",2021-02-27 23:16:52,"NP","Saturday"
"95","IPA13ST__20210302_232939__955.84_15-56_0.63_gun1.wav",1,5,NA,"IPA13ST",2021-03-02,23,2021-03-02 23:29:39,"955.84",2021-03-02 23:45:34,"NP","Tuesday"
"96","IPA13ST__20210302_232939__1025.41_17-5_0.54_gun1.wav",1,5,NA,"IPA13ST",2021-03-02,23,2021-03-02 23:29:39,"1025.4",2021-03-02 23:46:44,"NP","Tuesday"
"97","IPA13ST__20210302_235939__1000.9_16-41_0.62_gun2.wav",1,4,1,"IPA13ST",2021-03-02,23,2021-03-02 23:59:39,"1000.9",2021-03-03 00:16:19,"NP","Tuesday"
"98","IPA13ST__20210302_235939__1097.79_18-18_0.62_gun2.wav",1,4,1,"IPA13ST",2021-03-02,23,2021-03-02 23:59:39,"1097.7",2021-03-03 00:17:56,"NP","Tuesday"
"99","IPA14ST__20210226_000009__26.3_0-26_0.53_gun1.wav",1,4,1,"IPA14ST",2021-02-26,0,2021-02-26 00:00:09,"26.30",2021-02-26 00:00:35,"NP","Friday"
"100","IPA14ST__20210226_000009__1117.95_18-38_0.55_gun1.wav",1,4,1,"IPA14ST",2021-02-26,0,2021-02-26 00:00:09,"1117.9",2021-02-26 00:18:46,"NP","Friday"
"101","IPA14ST__20210227_230001__1011.78_16-52_0.5_gun1.wav",1,4,1,"IPA14ST",2021-02-27,23,2021-02-27 23:00:01,"1011.7",2021-02-27 23:16:52,"NP","Saturday"
"102","IPA14ST__20210302_232952__951.42_15-51_0.52_gun1.wav",1,5,1,"IPA14ST",2021-03-02,23,2021-03-02 23:29:52,"951.42",2021-03-02 23:45:43,"NP","Tuesday"
"103","IPA14ST__20210302_232952__1021.57_17-2_0.59_gun2.wav",1,4,1,"IPA14ST",2021-03-02,23,2021-03-02 23:29:52,"1021.5",2021-03-02 23:46:53,"NP","Tuesday"
"104","IPA14ST__20210302_235952__987.26_16-27_0.52_gun1.wav",1,4,1,"IPA14ST",2021-03-02,23,2021-03-02 23:59:52,"987.26",2021-03-03 00:16:19,"NP","Tuesday"
"105","IPA14ST__20210302_235952__1084.74_18-5_0.64_gun2.wav",1,4,1,"IPA14ST",2021-03-02,23,2021-03-02 23:59:52,"1084.7",2021-03-03 00:17:56,"NP","Tuesday"
"106","IPA16ST__20210222_152958__278.34_4-38_0.55_gun1.wav",1,4,1,"IPA16ST",2021-02-22,15,2021-02-22 15:29:58,"278.34",2021-02-22 15:34:36,"NP","Monday"
"107","IPA16ST__20210222_152958__452.86_7-33_0.55_gun1.wav",1,4,NA,"IPA16ST",2021-02-22,15,2021-02-22 15:29:58,"452.86",2021-02-22 15:37:30,"NP","Monday"
"108","IPA16ST__20210222_215958__895.55_14-56_0.56_gun1.wav",1,4,1,"IPA16ST",2021-02-22,21,2021-02-22 21:59:58,"895.55",2021-02-22 22:14:53,"NP","Monday"
"109","IPA16ST__20210222_232955__10.5_0-10_0.61_gun1.wav",1,5,NA,"IPA16ST",2021-02-22,23,2021-02-22 23:29:55,"10.50",2021-02-22 23:30:05,"NP","Monday"
"110","IPA16ST__20210223_012954__941.5_15-42_0.6_gun2.wav",1,4,1,"IPA16ST",2021-02-23,1,2021-02-23 01:29:54,"941.5",2021-02-23 01:45:35,"NP","Tuesday"
"111","IPA16ST__20210225_225950__426.56_7-7_0.68_gun2.wav",1,4,1,"IPA16ST",2021-02-25,22,2021-02-25 22:59:50,"426.56",2021-02-25 23:06:56,"NP","Thursday"
"112","IPA16ST__20210225_232948__1442.37_24-2_0.57_gun1.wav",1,5,NA,"IPA16ST",2021-02-25,23,2021-02-25 23:29:48,"1442.3",2021-02-25 23:53:50,"NP","Thursday"
"113","IPA16ST__20210226_005945__393.98_6-34_0.66_gun2.wav",1,5,NA,"IPA16ST",2021-02-26,0,2021-02-26 00:59:45,"393.98",2021-02-26 01:06:18,"NP","Friday"
"114","IPA16ST__20210227_225941__1032_17-12_0.64_gun1.wav",1,5,NA,"IPA16ST",2021-02-27,22,2021-02-27 22:59:41,"10321",2021-02-28 01:51:42,"NP","Saturday"
"115","IPA17ST__20210222_152958__275.97_4-36_0.54_gun1.wav",1,5,NA,"IPA17ST",2021-02-22,15,2021-02-22 15:29:58,"275.97",2021-02-22 15:34:33,"NP","Monday"
"116","IPA17ST__20210222_152958__450.5_7-30_0.53_gun1.wav",1,5,NA,"IPA17ST",2021-02-22,15,2021-02-22 15:29:58,"450.5",2021-02-22 15:37:28,"NP","Monday"
"117","IPA17ST__20210222_220000__887.87_14-48_0.55_gun1.wav",1,4,NA,"IPA17ST",2021-02-22,22,2021-02-22 22:00:00,"887.87",2021-02-22 22:14:47,"NP","Monday"
"118","IPA17ST__20210222_232955__6.85_0-7_0.71_gun2.wav",1,5,NA,"IPA17ST",2021-02-22,23,2021-02-22 23:29:55,"6.850",2021-02-22 23:30:01,"NP","Monday"
"119","IPA17ST__20210224_212954__1188.67_19-49_0.51_gun1.wav",1,4,1,"IPA17ST",2021-02-24,21,2021-02-24 21:29:54,"1188.6",2021-02-24 21:49:42,"NP","Wednesday"
"120","IPA17ST__20210225_232946__1445.12_24-5_0.55_gun1.wav",1,4,1,"IPA17ST",2021-02-25,23,2021-02-25 23:29:46,"1445.1",2021-02-25 23:53:51,"NP","Thursday"
"121","IPA17ST__20210227_225945__1025.22_17-5_0.53_gun1.wav",1,5,NA,"IPA17ST",2021-02-27,22,2021-02-27 22:59:45,"1025.2",2021-02-27 23:16:50,"NP","Saturday"
"122","IPA18ST__20210221_192959__1034.75_17-15_0.51_gun1.wav",1,4,1,"IPA18ST",2021-02-21,19,2021-02-21 19:29:59,"1034.7",2021-02-21 19:47:13,"NP","Sunday"
"123","IPA18ST__20210222_005958__469.12_7-49_0.56_gun1.wav",1,5,NA,"IPA18ST",2021-02-22,0,2021-02-22 00:59:58,"469.12",2021-02-22 01:07:47,"NP","Monday"
"124","IPA18ST__20210222_152955__279.74_4-40_0.64_gun2.wav",1,4,1,"IPA18ST",2021-02-22,15,2021-02-22 15:29:55,"279.74",2021-02-22 15:34:34,"NP","Monday"
"125","IPA18ST__20210222_152955__453.95_7-34_0.71_gun5.wav",1,4,1,"IPA18ST",2021-02-22,15,2021-02-22 15:29:55,"453.95",2021-02-22 15:37:28,"NP","Monday"
"126","IPA18ST__20210222_215956__895.23_14-55_0.59_gun2.wav",1,5,NA,"IPA18ST",2021-02-22,21,2021-02-22 21:59:56,"895.23",2021-02-22 22:14:51,"NP","Monday"
"127","IPA18ST__20210222_232956__8.9_0-9_0.66_gun2.wav",1,4,1,"IPA18ST",2021-02-22,23,2021-02-22 23:29:56,"8.90",2021-02-22 23:30:04,"NP","Monday"
"128","IPA18ST__20210224_212947__1203.14_20-3_0.64_gun2.wav",1,4,1,"IPA18ST",2021-02-24,21,2021-02-24 21:29:47,"1203.1",2021-02-24 21:49:50,"NP","Wednesday"
"129","IPA18ST__20210227_052940__848.7_14-9_0.53_gun1.wav",1,5,NA,"IPA18ST",2021-02-27,5,2021-02-27 05:29:40,"848.7",2021-02-27 05:43:48,"NP","Saturday"
"130","IPA18ST__20210227_225937__1031.74_17-12_0.62_gun2.wav",1,4,1,"IPA18ST",2021-02-27,22,2021-02-27 22:59:37,"1031.7",2021-02-27 23:16:48,"NP","Saturday"
"131","IPA19ST__20210221_222959__107.26_1-47_0.61_gun2.wav",1,5,NA,"IPA19ST",2021-02-21,22,2021-02-21 22:29:59,"107.26",2021-02-21 22:31:46,"NP","Sunday"
"132","IPA19ST__20210222_215955__898.24_14-58_0.54_gun2.wav",1,4,1,"IPA19ST",2021-02-22,21,2021-02-22 21:59:55,"898.24",2021-02-22 22:14:53,"NP","Monday"
"133","IPA1ST___20210221_033000__959.3_15-59_0.52_gun1.wav",1,4,NA,"IPA1ST",2021-02-21,3,2021-02-21 03:30:00,"959.3",2021-02-21 03:45:59,"NP","Sunday"
"134","IPA1ST___20210221_200000__1028.35_17-8_0.65_gun1.wav",1,5,NA,"IPA1ST",2021-02-21,20,2021-02-21 20:00:00,"1028.3",2021-02-21 20:17:08,"NP","Sunday"
"135","IPA20ST__20210221_215955__1496.96_24-57_0.54_gun1.wav",1,4,1,"IPA20ST",2021-02-21,21,2021-02-21 21:59:55,"1496.9",2021-02-21 22:24:51,"NP","Sunday"
"136","IPA2LT___20210303_223000__218.18_3-38_0.53_gun1.wav",1,4,NA,"IPA2LT",2021-03-03,22,2021-03-03 22:30:00,"218.18",2021-03-03 22:33:38,"NP","Wednesday"
"137","IPA2LT___20210324_010000__1406.27_23-26_0.6_gun1.wav",1,5,NA,"IPA2LT",2021-03-24,1,2021-03-24 01:00:00,"1406.2",2021-03-24 01:23:26,"NP","Wednesday"
"138","IPA2LT___20210324_010000__1425.98_23-46_0.65_gun1.wav",1,5,NA,"IPA2LT",2021-03-24,1,2021-03-24 01:00:00,"1425.9",2021-03-24 01:23:45,"NP","Wednesday"
"139","IPA2LT___20210609_213000__1016.83_16-57_0.56_gun1.wav",1,5,NA,"IPA2LT",2021-06-09,21,2021-06-09 21:30:00,"1016.8",2021-06-09 21:46:56,"NP","Wednesday"
"140","IPA2LT___20210609_220000__1177.98_19-38_0.63_gun1.wav",1,5,NA,"IPA2LT",2021-06-09,22,2021-06-09 22:00:00,"1177.9",2021-06-09 22:19:37,"NP","Wednesday"
"141","IPA3ST___20210220_020000__972.99_16-13_0.54_gun1.wav",1,5,NA,"IPA3ST",2021-02-20,2,2021-02-20 02:00:00,"972.99",2021-02-20 02:16:12,"NP","Saturday"
"142","IPA3ST___20210222_220000__918.14_15-18_0.53_gun1.wav",1,5,NA,"IPA3ST",2021-02-22,22,2021-02-22 22:00:00,"918.14",2021-02-22 22:15:18,"NP","Monday"
"143","IPA3ST___20210222_233000__28.74_0-29_0.67_gun1.wav",1,5,NA,"IPA3ST",2021-02-22,23,2021-02-22 23:30:00,"28.74",2021-02-22 23:30:28,"NP","Monday"
"144","IPA3ST___20210223_013000__699.9_11-40_0.58_gun1.wav",1,5,NA,"IPA3ST",2021-02-23,1,2021-02-23 01:30:00,"699.9",2021-02-23 01:41:39,"NP","Tuesday"
"145","IPA3ST___20210223_013000__957.25_15-57_0.61_gun1.wav",1,4,NA,"IPA3ST",2021-02-23,1,2021-02-23 01:30:00,"957.25",2021-02-23 01:45:57,"NP","Tuesday"
"146","IPA3ST___20210223_020000__1791.1_29-51_0.58_gun1.wav",1,4,1,"IPA3ST",2021-02-23,2,2021-02-23 02:00:00,"1791.1",2021-02-23 02:29:51,"NP","Tuesday"
"147","IPA3ST___20210223_023000__11.58_0-12_0.6_gun1.wav",1,4,1,"IPA3ST",2021-02-23,2,2021-02-23 02:30:00,"11.58",2021-02-23 02:30:11,"NP","Tuesday"
"148","IPA3ST___20210223_023000__128.96_2-9_0.5_gun1.wav",1,4,1,"IPA3ST",2021-02-23,2,2021-02-23 02:30:00,"128.96",2021-02-23 02:32:08,"NP","Tuesday"
"149","IPA3ST___20210225_223000__881.54_14-42_0.51_gun1.wav",1,5,NA,"IPA3ST",2021-02-25,22,2021-02-25 22:30:00,"881.54",2021-02-25 22:44:41,"NP","Thursday"
"150","IPA3ST___20210225_233000__1470.46_24-30_0.61_gun2.wav",1,4,1,"IPA3ST",2021-02-25,23,2021-02-25 23:30:00,"1470.4",2021-02-25 23:54:30,"NP","Thursday"
"151","IPA3ST___20210226_010000__418.5_6-58_0.63_gun1.wav",1,5,NA,"IPA3ST",2021-02-26,1,2021-02-26 01:00:00,"418.5",2021-02-26 01:06:58,"NP","Friday"
"152","IPA4ST___20210222_043000__306.3_5-6_0.53_gun1.wav",1,4,1,"IPA4ST",2021-02-22,4,2021-02-22 04:30:00,"306.3",2021-02-22 04:35:06,"NP","Monday"
"153","IPA4ST___20210222_220000__914.62_15-15_0.63_gun1.wav",1,5,NA,"IPA4ST",2021-02-22,22,2021-02-22 22:00:00,"914.62",2021-02-22 22:15:14,"NP","Monday"
"154","IPA4ST___20210222_233000__25.28_0-25_0.66_gun1.wav",1,5,NA,"IPA4ST",2021-02-22,23,2021-02-22 23:30:00,"25.28",2021-02-22 23:30:25,"NP","Monday"
"155","IPA4ST___20210223_000000__404.42_6-44_0.51_gun5.wav",1,4,1,"IPA4ST",2021-02-23,0,2021-02-23 00:00:00,"404.42",2021-02-23 00:06:44,"NP","Tuesday"
"156","IPA4ST___20210223_003000__731.01_12-11_0.63_gun1.wav",1,5,NA,"IPA4ST",2021-02-23,0,2021-02-23 00:30:00,"731.01",2021-02-23 00:42:11,"NP","Tuesday"
"157","IPA4ST___20210223_013000__697.41_11-37_0.61_gun1.wav",1,5,NA,"IPA4ST",2021-02-23,1,2021-02-23 01:30:00,"697.41",2021-02-23 01:41:37,"NP","Tuesday"
"158","IPA4ST___20210223_013000__954.62_15-55_0.69_gun2.wav",1,4,NA,"IPA4ST",2021-02-23,1,2021-02-23 01:30:00,"954.62",2021-02-23 01:45:54,"NP","Tuesday"
"159","IPA4ST___20210223_020000__1788.61_29-49_0.55_gun1.wav",1,4,1,"IPA4ST",2021-02-23,2,2021-02-23 02:00:00,"1788.6",2021-02-23 02:29:48,"NP","Tuesday"
"160","IPA4ST___20210223_023000__9.02_0-9_0.54_gun1.wav",1,4,1,"IPA4ST",2021-02-23,2,2021-02-23 02:30:00,"9.020",2021-02-23 02:30:09,"NP","Tuesday"
"161","IPA4ST___20210223_023000__126.4_2-6_0.54_gun1.wav",1,4,NA,"IPA4ST",2021-02-23,2,2021-02-23 02:30:00,"126.4",2021-02-23 02:32:06,"NP","Tuesday"
"162","IPA4ST___20210224_213000__1223.62_20-24_0.54_gun1.wav",1,5,NA,"IPA4ST",2021-02-24,21,2021-02-24 21:30:00,"1223.6",2021-02-24 21:50:23,"NP","Wednesday"
"163","IPA4ST___20210225_230000__450.75_7-31_0.54_gun1.wav",1,4,1,"IPA4ST",2021-02-25,23,2021-02-25 23:00:00,"450.75",2021-02-25 23:07:30,"NP","Thursday"
"164","IPA4ST___20210225_233000__1466.88_24-27_0.61_gun2.wav",1,4,1,"IPA4ST",2021-02-25,23,2021-02-25 23:30:00,"1466.8",2021-02-25 23:54:26,"NP","Thursday"
"165","IPA4ST___20210226_010000__414.72_6-55_0.59_gun1.wav",1,4,1,"IPA4ST",2021-02-26,1,2021-02-26 01:00:00,"414.72",2021-02-26 01:06:54,"NP","Friday"
"166","IPA5LT___20210303_000000__1015.94_16-56_0.61_gun1.wav",1,5,NA,"IPA5LT",2021-03-03,0,2021-03-03 00:00:00,"1015.9",2021-03-03 00:16:55,"NP","Wednesday"
"167","IPA5LT___20210324_010000__1400.19_23-20_0.67_gun2.wav",1,5,NA,"IPA5LT",2021-03-24,1,2021-03-24 01:00:00,"1400.1",2021-03-24 01:23:20,"NP","Wednesday"
"168","IPA5LT___20210324_010000__1419.9_23-40_0.67_gun2.wav",1,NA,NA,"IPA5LT",2021-03-24,1,2021-03-24 01:00:00,"1419.9",2021-03-24 01:23:39,"NP","Wednesday"
"169","IPA5LT___20210331_193000__1255.36_20-55_0.57_gun1.wav",1,4,1,"IPA5LT",2021-03-31,19,2021-03-31 19:30:00,"1255.3",2021-03-31 19:50:55,"NP","Wednesday"
"170","IPA5LT___20210505_200000__288.06_4-48_0.53_gun1.wav",1,5,NA,"IPA5LT",2021-05-05,20,2021-05-05 20:00:00,"288.06",2021-05-05 20:04:48,"NP","Wednesday"
"171","IPA5LT___20210505_233000__313.73_5-14_0.58_gun1.wav",1,4,NA,"IPA5LT",2021-05-05,23,2021-05-05 23:30:00,"313.73",2021-05-05 23:35:13,"NP","Wednesday"
"172","IPA5LT___20210519_023000__904.38_15-4_0.54_gun1.wav",1,5,NA,"IPA5LT",2021-05-19,2,2021-05-19 02:30:00,"904.38",2021-05-19 02:45:04,"NP","Wednesday"
"173","IPA5LT___20210519_113000__1219.39_20-19_0.68_gun2.wav",1,4,1,"IPA5LT",2021-05-19,11,2021-05-19 11:30:00,"1219.3",2021-05-19 11:50:19,"NP","Wednesday"
"174","IPA5LT___20210519_120000__1352.13_22-32_0.5_gun1.wav",1,4,1,"IPA5LT",2021-05-19,12,2021-05-19 12:00:00,"1352.1",2021-05-19 12:22:32,"NP","Wednesday"
"175","IPA5LT___20210519_120000__1396.42_23-16_0.52_gun1.wav",1,4,1,"IPA5LT",2021-05-19,12,2021-05-19 12:00:00,"1396.4",2021-05-19 12:23:16,"NP","Wednesday"
"176","IPA5LT___20210519_120000__1408.26_23-28_0.52_gun1.wav",1,4,1,"IPA5LT",2021-05-19,12,2021-05-19 12:00:00,"1408.2",2021-05-19 12:23:28,"NP","Wednesday"
"177","IPA5LT___20210526_213000__1484.61_24-45_0.57_gun1.wav",1,4,1,"IPA5LT",2021-05-26,21,2021-05-26 21:30:00,"1484.6",2021-05-26 21:54:44,"NP","Wednesday"
"178","IPA5LT___20210526_220000__320.06_5-20_0.59_gun1.wav",1,5,NA,"IPA5LT",2021-05-26,22,2021-05-26 22:00:00,"320.06",2021-05-26 22:05:20,"NP","Wednesday"
"179","IPA5LT___20210526_220000__355.9_5-56_0.57_gun1.wav",1,NA,NA,"IPA5LT",2021-05-26,22,2021-05-26 22:00:00,"355.9",2021-05-26 22:05:55,"NP","Wednesday"
"180","IPA5LT___20210616_000000__127.62_2-8_0.58_gun1.wav",1,5,NA,"IPA5LT",2021-06-16,0,2021-06-16 00:00:00,"127.62",2021-06-16 00:02:07,"NP","Wednesday"
"181","IPA6ST___20210220_020000__967.68_16-8_0.58_gun1.wav",1,5,NA,"IPA6ST",2021-02-20,2,2021-02-20 02:00:00,"967.68",2021-02-20 02:16:07,"NP","Saturday"
"182","IPA6ST___20210221_033000__953.47_15-53_0.71_gun2.wav",1,5,NA,"IPA6ST",2021-02-21,3,2021-02-21 03:30:00,"953.47",2021-02-21 03:45:53,"NP","Sunday"
"183","IPA6ST___20210221_200000__1019.84_16-60_0.5_gun1.wav",1,4,1,"IPA6ST",2021-02-21,20,2021-02-21 20:00:00,"1019.8",2021-02-21 20:16:59,"NP","Sunday"
"184","IPA6ST___20210221_213000__1070.85_17-51_0.58_gun1.wav",1,5,NA,"IPA6ST",2021-02-21,21,2021-02-21 21:30:00,"1070.8",2021-02-21 21:47:50,"NP","Sunday"
"185","IPA6ST___20210222_233000__27.39_0-27_0.51_gun1.wav",1,4,NA,"IPA6ST",2021-02-22,23,2021-02-22 23:30:00,"27.39",2021-02-22 23:30:27,"NP","Monday"
"186","IPA6ST___20210223_003000__730.05_12-10_0.53_gun2.wav",1,4,1,"IPA6ST",2021-02-23,0,2021-02-23 00:30:00,"730.05",2021-02-23 00:42:10,"NP","Tuesday"
"187","IPA6ST___20210223_020000__1787.65_29-48_0.52_gun1.wav",1,4,NA,"IPA6ST",2021-02-23,2,2021-02-23 02:00:00,"1787.6",2021-02-23 02:29:47,"NP","Tuesday"
"188","IPA6ST___20210223_023000__8.13_0-8_0.53_gun1.wav",1,4,1,"IPA6ST",2021-02-23,2,2021-02-23 02:30:00,"8.130",2021-02-23 02:30:08,"NP","Tuesday"
"189","IPA6ST___20210223_023000__125.57_2-6_0.59_gun1.wav",1,4,1,"IPA6ST",2021-02-23,2,2021-02-23 02:30:00,"125.57",2021-02-23 02:32:05,"NP","Tuesday"
"190","IPA6ST___20210225_233000__1468.03_24-28_0.58_gun1.wav",1,5,NA,"IPA6ST",2021-02-25,23,2021-02-25 23:30:00,"1468.0",2021-02-25 23:54:28,"NP","Thursday"
"191","IPA6ST___20210226_010000__416.51_6-57_0.52_gun1.wav",1,4,NA,"IPA6ST",2021-02-26,1,2021-02-26 01:00:00,"416.51",2021-02-26 01:06:56,"NP","Friday"
"192","IPA7ST___20210221_033000__956.93_15-57_0.52_gun1.wav",1,5,NA,"IPA7ST",2021-02-21,3,2021-02-21 03:30:00,"956.93",2021-02-21 03:45:56,"NP","Sunday"
"193","IPA7ST___20210223_013000__954.18_15-54_0.62_gun1.wav",1,5,NA,"IPA7ST",2021-02-23,1,2021-02-23 01:30:00,"954.18",2021-02-23 01:45:54,"NP","Tuesday"
"194","IPA7ST___20210223_020000__1786.62_29-47_0.56_gun1.wav",1,4,1,"IPA7ST",2021-02-23,2,2021-02-23 02:00:00,"1786.6",2021-02-23 02:29:46,"NP","Tuesday"
"195","IPA7ST___20210223_023000__7.1_0-7_0.59_gun1.wav",1,5,NA,"IPA7ST",2021-02-23,2,2021-02-23 02:30:00,"7.10",2021-02-23 02:30:07,"NP","Tuesday"
"196","IPA7ST___20210223_023000__124.54_2-5_0.58_gun1.wav",1,4,1,"IPA7ST",2021-02-23,2,2021-02-23 02:30:00,"124.54",2021-02-23 02:32:04,"NP","Tuesday"
"197","IPA7ST___20210225_233000__1468.22_24-28_0.57_gun1.wav",1,5,NA,"IPA7ST",2021-02-25,23,2021-02-25 23:30:00,"1468.2",2021-02-25 23:54:28,"NP","Thursday"
"198","IPA7ST___20210226_010000__416.58_6-57_0.61_gun1.wav",1,5,NA,"IPA7ST",2021-02-26,1,2021-02-26 01:00:00,"416.58",2021-02-26 01:06:56,"NP","Friday"
"199","IPA7ST___20210226_010000__1534.66_25-35_0.63_gun2.wav",1,4,1,"IPA7ST",2021-02-26,1,2021-02-26 01:00:00,"1534.6",2021-02-26 01:25:34,"NP","Friday"
"200","IPA8ST___20210220_015958__966.53_16-7_0.51_gun1.wav",1,5,NA,"IPA8ST",2021-02-20,1,2021-02-20 01:59:58,"966.53",2021-02-20 02:16:04,"NP","Saturday"
"201","IPA8ST___20210222_232948__22.72_0-23_0.64_gun1.wav",1,5,NA,"IPA8ST",2021-02-22,23,2021-02-22 23:29:48,"22.72",2021-02-22 23:30:10,"NP","Monday"
"202","IPA8ST___20210222_235947__398.72_6-39_0.58_gun1.wav",1,5,NA,"IPA8ST",2021-02-22,23,2021-02-22 23:59:47,"398.72",2021-02-23 00:06:25,"NP","Monday"
"203","IPA8ST___20210223_002948__725.82_12-6_0.66_gun1.wav",1,5,NA,"IPA8ST",2021-02-23,0,2021-02-23 00:29:48,"725.82",2021-02-23 00:41:53,"NP","Tuesday"
"204","IPA8ST___20210223_012948__691.71_11-32_0.65_gun1.wav",1,5,NA,"IPA8ST",2021-02-23,1,2021-02-23 01:29:48,"691.71",2021-02-23 01:41:19,"NP","Tuesday"
"205","IPA8ST___20210223_012948__950.08_15-50_0.61_gun1.wav",1,5,NA,"IPA8ST",2021-02-23,1,2021-02-23 01:29:48,"950.08",2021-02-23 01:45:38,"NP","Tuesday"
"206","IPA8ST___20210223_015948__1782.59_29-43_0.59_gun1.wav",1,4,1,"IPA8ST",2021-02-23,1,2021-02-23 01:59:48,"1782.5",2021-02-23 02:29:30,"NP","Tuesday"
"207","IPA8ST___20210223_022948__2.62_0-3_0.6_gun1.wav",1,5,NA,"IPA8ST",2021-02-23,2,2021-02-23 02:29:48,"2.620",2021-02-23 02:29:50,"NP","Tuesday"
"208","IPA8ST___20210223_022948__120.06_2-0_0.58_gun1.wav",1,4,1,"IPA8ST",2021-02-23,2,2021-02-23 02:29:48,"120.06",2021-02-23 02:31:48,"NP","Tuesday"
"209","IPA8ST___20210225_225952__438.78_7-19_0.57_gun1.wav",1,5,NA,"IPA8ST",2021-02-25,22,2021-02-25 22:59:52,"438.78",2021-02-25 23:07:10,"NP","Thursday"
"210","IPA8ST___20210225_232939__1456.32_24-16_0.57_gun1.wav",1,5,NA,"IPA8ST",2021-02-25,23,2021-02-25 23:29:39,"1456.3",2021-02-25 23:53:55,"NP","Thursday"
"211","IPA8ST___20210226_005939__403.9_6-44_0.57_gun1.wav",1,5,NA,"IPA8ST",2021-02-26,0,2021-02-26 00:59:39,"403.9",2021-02-26 01:06:22,"NP","Friday"
"212","IPA9LT___20210302_235939__1019.2_16-59_0.54_gun1.wav",1,5,NA,"IPA9LT",2021-03-02,23,2021-03-02 23:59:39,"1019.2",2021-03-03 00:16:38,"NP","Tuesday"
"213","IPA9LT___20210302_235939__1116.03_18-36_0.52_gun1.wav",1,5,NA,"IPA9LT",2021-03-02,23,2021-03-02 23:59:39,"1116.0",2021-03-03 00:18:15,"NP","Tuesday"
"214","IPA9LT___20210302_235939__1201.73_20-2_0.51_gun5.wav",1,4,1,"IPA9LT",2021-03-02,23,2021-03-02 23:59:39,"1201.7",2021-03-03 00:19:40,"NP","Tuesday"
"215","ROG13____20210807_023000__814.66_13-35_0.63_gun2.wav",1,4,1,"ROG13",2021-08-07,2,2021-08-07 02:30:00,"814.66",2021-08-07 02:43:34,"FSC","Saturday"
"216","ROG14____20210807_023000__1665.28_27-45_0.5_gun1.wav",1,4,NA,"ROG14",2021-08-07,2,2021-08-07 02:30:00,"1665.2",2021-08-07 02:57:45,"FSC","Saturday"
"217","ROG14____20210807_223000__708.48_11-48_0.5_gun1.wav",1,5,NA,"ROG14",2021-08-07,22,2021-08-07 22:30:00,"708.48",2021-08-07 22:41:48,"FSC","Saturday"
"218","ROG14____20210808_033000__1333.76_22-14_0.53_gun1.wav",1,4,1,"ROG14",2021-08-08,3,2021-08-08 03:30:00,"1333.7",2021-08-08 03:52:13,"FSC","Sunday"
"219","ROG6_____20210805_140000__364.61_6-5_0.51_gun1.wav",1,4,NA,"ROG6",2021-08-05,14,2021-08-05 14:00:00,"364.61",2021-08-05 14:06:04,"FSC","Thursday"
"220","ROG6_____20210807_220000__362.11_6-2_0.58_gun1.wav",1,5,NA,"ROG6",2021-08-07,22,2021-08-07 22:00:00,"362.11",2021-08-07 22:06:02,"FSC","Saturday"
"221","ROG6_____20210807_223000__1307.58_21-48_0.61_gun1.wav",1,5,NA,"ROG6",2021-08-07,22,2021-08-07 22:30:00,"1307.5",2021-08-07 22:51:47,"FSC","Saturday"
"222","ROG6_____20210810_213000__736.51_12-17_0.5_gun1.wav",1,5,NA,"ROG6",2021-08-10,21,2021-08-10 21:30:00,"736.51",2021-08-10 21:42:16,"FSC","Tuesday"
"223","ROG7_____20210805_140000__361.15_6-1_0.54_gun1.wav",1,4,1,"ROG7",2021-08-05,14,2021-08-05 14:00:00,"361.15",2021-08-05 14:06:01,"FSC","Thursday"
"224","ROG7_____20210807_223000__1303.87_21-44_0.68_gun1.wav",1,5,NA,"ROG7",2021-08-07,22,2021-08-07 22:30:00,"1303.8",2021-08-07 22:51:43,"FSC","Saturday"
"225","TBNI10ST_20210307_210000__1619.01_26-59_0.61_gun1.wav",1,5,NA,"TBNI10ST",2021-03-07,21,2021-03-07 21:00:00,"1619.0",2021-03-07 21:26:59,"LOG","Sunday"
"226","TBNI10ST_20210308_000000__325.5_5-26_0.58_gun2.wav",1,4,1,"TBNI10ST",2021-03-08,0,2021-03-08 00:00:00,"325.5",2021-03-08 00:05:25,"LOG","Monday"
"227","TBNI10ST_20210308_010000__923.39_15-23_0.68_gun2.wav",1,5,NA,"TBNI10ST",2021-03-08,1,2021-03-08 01:00:00,"923.39",2021-03-08 01:15:23,"LOG","Monday"
"228","TBNI10ST_20210308_223000__1542.78_25-43_0.55_gun1.wav",1,4,1,"TBNI10ST",2021-03-08,22,2021-03-08 22:30:00,"1542.7",2021-03-08 22:55:42,"LOG","Monday"
"229","TBNI10ST_20210309_033000__466.5_7-46_0.62_gun2.wav",1,5,NA,"TBNI10ST",2021-03-09,3,2021-03-09 03:30:00,"466.5",2021-03-09 03:37:46,"LOG","Tuesday"
"230","TBNI10ST_20210309_053000__74.3_1-14_0.56_gun2.wav",1,4,1,"TBNI10ST",2021-03-09,5,2021-03-09 05:30:00,"74.31",2021-03-09 05:31:14,"LOG","Tuesday"
"231","TBNI10ST_20210310_203000__1003.2_16-43_0.51_gun1.wav",1,4,1,"TBNI10ST",2021-03-10,20,2021-03-10 20:30:00,"1003.2",2021-03-10 20:46:43,"LOG","Wednesday"
"232","TBNI10ST_20210312_203000__440.13_7-20_0.7_gun2.wav",1,5,NA,"TBNI10ST",2021-03-12,20,2021-03-12 20:30:00,"440.13",2021-03-12 20:37:20,"LOG","Friday"
"233","TBNI10ST_20210312_203000__1501.95_25-2_0.7_gun2.wav",1,5,NA,"TBNI10ST",2021-03-12,20,2021-03-12 20:30:00,"1501.9",2021-03-12 20:55:01,"LOG","Friday"
"234","TBNI10ST_20210312_210000__1422.46_23-42_0.61_gun1.wav",1,5,NA,"TBNI10ST",2021-03-12,21,2021-03-12 21:00:00,"1422.4",2021-03-12 21:23:42,"LOG","Friday"
"235","TBNI10ST_20210312_220000__861.44_14-21_0.63_gun1.wav",1,5,NA,"TBNI10ST",2021-03-12,22,2021-03-12 22:00:00,"861.44",2021-03-12 22:14:21,"LOG","Friday"
"236","TBNI10ST_20210312_223000__1225.47_20-25_0.63_gun1.wav",1,5,NA,"TBNI10ST",2021-03-12,22,2021-03-12 22:30:00,"1225.4",2021-03-12 22:50:25,"LOG","Friday"
"237","TBNI10ST_20210314_000000__1305.28_21-45_0.58_gun1.wav",1,5,NA,"TBNI10ST",2021-03-14,0,2021-03-14 00:00:00,"1305.2",2021-03-14 00:21:45,"LOG","Sunday"
"238","TBNI10ST_20210314_203000__1788.54_29-49_0.55_gun1.wav",1,4,1,"TBNI10ST",2021-03-14,20,2021-03-14 20:30:00,"1788.5",2021-03-14 20:59:48,"LOG","Sunday"
"239","TBNI10ST_20210315_023000__560.77_9-21_0.55_gun1.wav",1,5,NA,"TBNI10ST",2021-03-15,2,2021-03-15 02:30:00,"560.77",2021-03-15 02:39:20,"LOG","Monday"
"240","TBNI10ST_20210315_053000__792.32_13-12_0.56_gun1.wav",1,4,1,"TBNI10ST",2021-03-15,5,2021-03-15 05:30:00,"792.32",2021-03-15 05:43:12,"LOG","Monday"
"241","TBNI12ST_20210308_223000__1542.46_25-42_0.59_gun1.wav",1,5,NA,"TBNI12ST",2021-03-08,22,2021-03-08 22:30:00,"1542.4",2021-03-08 22:55:42,"LOG","Monday"
"242","TBNI12ST_20210309_033000__461.12_7-41_0.61_gun1.wav",1,5,NA,"TBNI12ST",2021-03-09,3,2021-03-09 03:30:00,"461.12",2021-03-09 03:37:41,"LOG","Tuesday"
"243","TBNI12ST_20210312_210000__1419.14_23-39_0.66_gun1.wav",1,5,NA,"TBNI12ST",2021-03-12,21,2021-03-12 21:00:00,"1419.1",2021-03-12 21:23:39,"LOG","Friday"
"244","TBNI12ST_20210312_220000__856.13_14-16_0.51_gun2.wav",1,4,1,"TBNI12ST",2021-03-12,22,2021-03-12 22:00:00,"856.13",2021-03-12 22:14:16,"LOG","Friday"
"245","TBNI12ST_20210313_210000__1780.99_29-41_0.6_gun1.wav",1,4,1,"TBNI12ST",2021-03-13,21,2021-03-13 21:00:00,"1780.9",2021-03-13 21:29:40,"LOG","Saturday"
"246","TBNI12ST_20210314_000000__1302.4_21-42_0.59_gun1.wav",1,4,1,"TBNI12ST",2021-03-14,0,2021-03-14 00:00:00,"1302.4",2021-03-14 00:21:42,"LOG","Sunday"
"247","TBNI14ST_20210309_033000__463.94_7-44_0.64_gun1.wav",1,4,NA,"TBNI14ST",2021-03-09,3,2021-03-09 03:30:00,"463.94",2021-03-09 03:37:43,"LOG","Tuesday"
"248","TBNI14ST_20210309_053000__732.54_12-13_0.59_gun1.wav",1,4,1,"TBNI14ST",2021-03-09,5,2021-03-09 05:30:00,"732.54",2021-03-09 05:42:12,"LOG","Tuesday"
"249","TBNI14ST_20210309_200000__300.67_5-1_0.62_gun2.wav",1,4,1,"TBNI14ST",2021-03-09,20,2021-03-09 20:00:00,"300.67",2021-03-09 20:05:00,"LOG","Tuesday"
"250","TBNI14ST_20210310_020000__500.22_8-20_0.53_gun1.wav",1,4,1,"TBNI14ST",2021-03-10,2,2021-03-10 02:00:00,"500.22",2021-03-10 02:08:20,"LOG","Wednesday"
"251","TBNI14ST_20210310_040000__1160.83_19-21_0.56_gun1.wav",1,4,1,"TBNI14ST",2021-03-10,4,2021-03-10 04:00:00,"1160.8",2021-03-10 04:19:20,"LOG","Wednesday"
"252","TBNI14ST_20210314_120000__1687.62_28-8_0.53_gun1.wav",1,4,1,"TBNI14ST",2021-03-14,12,2021-03-14 12:00:00,"1687.6",2021-03-14 12:28:07,"LOG","Sunday"
"253","TBNI15ST_20210308_223000__1547.9_25-48_0.54_gun1.wav",1,5,NA,"TBNI15ST",2021-03-08,22,2021-03-08 22:30:00,"1547.9",2021-03-08 22:55:47,"LOG","Monday"
"254","TBNI15ST_20210309_033000__464.64_7-45_0.7_gun1.wav",1,5,NA,"TBNI15ST",2021-03-09,3,2021-03-09 03:30:00,"464.64",2021-03-09 03:37:44,"LOG","Tuesday"
"255","TBNI15ST_20210309_053000__734.34_12-14_0.57_gun1.wav",1,4,1,"TBNI15ST",2021-03-09,5,2021-03-09 05:30:00,"734.34",2021-03-09 05:42:14,"LOG","Tuesday"
"256","TBNI15ST_20210309_200000__301.25_5-1_0.54_gun1.wav",1,5,NA,"TBNI15ST",2021-03-09,20,2021-03-09 20:00:00,"301.25",2021-03-09 20:05:01,"LOG","Tuesday"
"257","TBNI15ST_20210310_020000__498.43_8-18_0.56_gun1.wav",1,4,1,"TBNI15ST",2021-03-10,2,2021-03-10 02:00:00,"498.43",2021-03-10 02:08:18,"LOG","Wednesday"
"258","TBNI15ST_20210310_040000__1160.45_19-20_0.68_gun2.wav",1,4,1,"TBNI15ST",2021-03-10,4,2021-03-10 04:00:00,"1160.4",2021-03-10 04:19:20,"LOG","Wednesday"
"259","TBNI15ST_20210314_000000__1306.56_21-47_0.6_gun1.wav",1,5,NA,"TBNI15ST",2021-03-14,0,2021-03-14 00:00:00,"1306.5",2021-03-14 00:21:46,"LOG","Sunday"
"260","TBNI15ST_20210314_120000__1686.02_28-6_0.62_gun1.wav",1,5,NA,"TBNI15ST",2021-03-14,12,2021-03-14 12:00:00,"1686.0",2021-03-14 12:28:06,"LOG","Sunday"
"261","TBNI16LT_20210310_015957__494.53_8-15_0.54_gun1.wav",1,5,NA,"TBNI16LT",2021-03-10,1,2021-03-10 01:59:57,"494.53",2021-03-10 02:08:11,"LOG","Wednesday"
"262","TBNI16LT_20210310_035956__1155.26_19-15_0.54_gun1.wav",1,5,NA,"TBNI16LT",2021-03-10,3,2021-03-10 03:59:56,"1155.2",2021-03-10 04:19:11,"LOG","Wednesday"
"263","TBNI16LT_20210324_192916__1219.14_20-19_0.56_gun1.wav",1,5,NA,"TBNI16LT",2021-03-24,19,2021-03-24 19:29:16,"1219.1",2021-03-24 19:49:35,"LOG","Wednesday"
"264","TBNI16LT_20210721_082958__1780.29_29-40_0.57_gun1.wav",1,5,NA,"TBNI16LT",2021-07-21,8,2021-07-21 08:29:58,"1780.2",2021-07-21 08:59:38,"LOG","Wednesday"
"265","TBNI16LT_20210721_155958__859.46_14-19_0.52_gun1.wav",1,5,NA,"TBNI16LT",2021-07-21,15,2021-07-21 15:59:58,"859.46",2021-07-21 16:14:17,"LOG","Wednesday"
"266","TBNI17ST_20210308_205958__536.06_8-56_0.59_gun1.wav",1,5,NA,"TBNI17ST",2021-03-08,20,2021-03-08 20:59:58,"536.06",2021-03-08 21:08:54,"LOG","Monday"
"267","TBNI17ST_20210308_223000__1539.71_25-40_0.54_gun1.wav",1,4,NA,"TBNI17ST",2021-03-08,22,2021-03-08 22:30:00,"1539.7",2021-03-08 22:55:39,"LOG","Monday"
"268","TBNI17ST_20210309_033003__454.91_7-35_0.65_gun1.wav",1,5,NA,"TBNI17ST",2021-03-09,3,2021-03-09 03:30:03,"454.91",2021-03-09 03:37:37,"LOG","Tuesday"
"269","TBNI17ST_20210310_035958__1148.74_19-9_0.53_gun1.wav",1,5,NA,"TBNI17ST",2021-03-10,3,2021-03-10 03:59:58,"1148.7",2021-03-10 04:19:06,"LOG","Wednesday"
"270","TBNI17ST_20210312_205950__1405.12_23-25_0.59_gun1.wav",1,5,NA,"TBNI17ST",2021-03-12,20,2021-03-12 20:59:50,"1405.1",2021-03-12 21:23:15,"LOG","Friday"
"271","TBNI17ST_20210313_002948__1282.56_21-23_0.65_gun1.wav",1,5,NA,"TBNI17ST",2021-03-13,0,2021-03-13 00:29:48,"1282.5",2021-03-13 00:51:10,"LOG","Saturday"
"272","TBNI17ST_20210313_012952__1394.82_23-15_0.57_gun1.wav",1,5,NA,"TBNI17ST",2021-03-13,1,2021-03-13 01:29:52,"1394.8",2021-03-13 01:53:06,"LOG","Saturday"
"273","TBNI17ST_20210313_235944__1288.96_21-29_0.54_gun1.wav",1,5,NA,"TBNI17ST",2021-03-13,23,2021-03-13 23:59:44,"1288.9",2021-03-14 00:21:12,"LOG","Saturday"
"274","TBNI17ST_20210314_120001__1663.17_27-43_0.69_gun2.wav",1,5,NA,"TBNI17ST",2021-03-14,12,2021-03-14 12:00:01,"1663.1",2021-03-14 12:27:44,"LOG","Sunday"
"275","TBNI17ST_20210315_020003__941.95_15-42_0.52_gun1.wav",1,5,NA,"TBNI17ST",2021-03-15,2,2021-03-15 02:00:03,"941.95",2021-03-15 02:15:44,"LOG","Monday"
"276","TBNI18LT_20210324_192909__1220.74_20-21_0.63_gun1.wav",1,5,NA,"TBNI18LT",2021-03-24,19,2021-03-24 19:29:09,"1220.7",2021-03-24 19:49:29,"LOG","Wednesday"
"277","TBNI18LT_20210721_105949__1524.93_25-25_0.53_gun1.wav",1,4,1,"TBNI18LT",2021-07-21,10,2021-07-21 10:59:49,"1524.9",2021-07-21 11:25:13,"LOG","Wednesday"
"278","TBNI19ST_20210308_205958__534.27_8-54_0.61_gun1.wav",1,5,NA,"TBNI19ST",2021-03-08,20,2021-03-08 20:59:58,"534.27",2021-03-08 21:08:52,"LOG","Monday"
"279","TBNI19ST_20210309_052958__69.06_1-9_0.51_gun1.wav",1,5,1,"TBNI19ST",2021-03-09,5,2021-03-09 05:29:58,"69.06",2021-03-09 05:31:07,"LOG","Tuesday"
"280","TBNI19ST_20210312_142946__1291.52_21-32_0.55_gun1.wav",1,5,NA,"TBNI19ST",2021-03-12,14,2021-03-12 14:29:46,"1291.5",2021-03-12 14:51:17,"LOG","Friday"
"281","TBNI19ST_20210312_202945__426.24_7-6_0.55_gun1.wav",1,4,1,"TBNI19ST",2021-03-12,20,2021-03-12 20:29:45,"426.24",2021-03-12 20:36:51,"LOG","Friday"
"282","TBNI19ST_20210312_202945__1489.66_24-50_0.57_gun1.wav",1,5,NA,"TBNI19ST",2021-03-12,20,2021-03-12 20:29:45,"1489.6",2021-03-12 20:54:34,"LOG","Friday"
"283","TBNI19ST_20210312_205945__1410.3_23-30_0.7_gun1.wav",1,5,NA,"TBNI19ST",2021-03-12,20,2021-03-12 20:59:45,"1410.3",2021-03-12 21:23:15,"LOG","Friday"
"284","TBNI19ST_20210314_002952__750.02_12-30_0.52_gun2.wav",1,4,1,"TBNI19ST",2021-03-14,0,2021-03-14 00:29:52,"750.02",2021-03-14 00:42:22,"LOG","Sunday"
"285","TBNI19ST_20210314_102941__536.19_8-56_0.6_gun1.wav",1,5,NA,"TBNI19ST",2021-03-14,10,2021-03-14 10:29:41,"536.19",2021-03-14 10:38:37,"LOG","Sunday"
"286","TBNI19ST_20210314_202939__1319.36_21-59_0.56_gun1.wav",1,4,1,"TBNI19ST",2021-03-14,20,2021-03-14 20:29:39,"1319.3",2021-03-14 20:51:38,"LOG","Sunday"
"287","TBNI19ST_20210314_202939__1360.96_22-41_0.57_gun1.wav",1,5,1,"TBNI19ST",2021-03-14,20,2021-03-14 20:29:39,"1360.9",2021-03-14 20:52:19,"LOG","Sunday"
"288","TBNI1ST__20210313_003000__1266.94_21-7_0.65_gun1.wav",1,5,NA,"TBNI1ST",2021-03-13,0,2021-03-13 00:30:00,"1266.9",2021-03-13 00:51:06,"LOG","Saturday"
"289","TBNI1ST__20210313_010000__1471.62_24-32_0.51_gun1.wav",1,4,1,"TBNI1ST",2021-03-13,1,2021-03-13 01:00:00,"1471.6",2021-03-13 01:24:31,"LOG","Saturday"
"290","TBNI1ST__20210313_013000__638.72_10-39_0.5_gun1.wav",1,4,NA,"TBNI1ST",2021-03-13,1,2021-03-13 01:30:00,"638.72",2021-03-13 01:40:38,"LOG","Saturday"
"291","TBNI20ST_20210308_205958__531.65_8-52_0.57_gun2.wav",1,4,1,"TBNI20ST",2021-03-08,20,2021-03-08 20:59:58,"531.65",2021-03-08 21:08:49,"LOG","Monday"
"292","TBNI20ST_20210309_025958__1059.26_17-39_0.55_gun1.wav",1,4,NA,"TBNI20ST",2021-03-09,2,2021-03-09 02:59:58,"1059.2",2021-03-09 03:17:37,"LOG","Tuesday"
"293","TBNI20ST_20210309_033003__458.37_7-38_0.51_gun1.wav",1,5,NA,"TBNI20ST",2021-03-09,3,2021-03-09 03:30:03,"458.37",2021-03-09 03:37:41,"LOG","Tuesday"
"294","TBNI20ST_20210309_052958__69.25_1-9_0.52_gun2.wav",1,4,1,"TBNI20ST",2021-03-09,5,2021-03-09 05:29:58,"69.25",2021-03-09 05:31:07,"LOG","Tuesday"
"295","TBNI20ST_20210312_202949__421.82_7-2_0.54_gun1.wav",1,4,1,"TBNI20ST",2021-03-12,20,2021-03-12 20:29:49,"421.82",2021-03-12 20:36:50,"LOG","Friday"
"296","TBNI20ST_20210312_202949__1481.15_24-41_0.51_gun1.wav",1,5,NA,"TBNI20ST",2021-03-12,20,2021-03-12 20:29:49,"1481.1",2021-03-12 20:54:30,"LOG","Friday"
"297","TBNI20ST_20210312_205952__1405.63_23-26_0.65_gun1.wav",1,5,NA,"TBNI20ST",2021-03-12,20,2021-03-12 20:59:52,"1405.6",2021-03-12 21:23:17,"LOG","Friday"
"298","TBNI20ST_20210313_172943__51.9_0-52_0.58_gun1.wav",1,5,NA,"TBNI20ST",2021-03-13,17,2021-03-13 17:29:43,"51.90",2021-03-13 17:30:34,"LOG","Saturday"
"299","TBNI20ST_20210313_175945__667.26_11-7_0.58_gun1.wav",1,5,NA,"TBNI20ST",2021-03-13,17,2021-03-13 17:59:45,"667.26",2021-03-13 18:10:52,"LOG","Saturday"
"300","TBNI20ST_20210313_235943__1290.88_21-31_0.55_gun1.wav",1,5,NA,"TBNI20ST",2021-03-13,23,2021-03-13 23:59:43,"1290.8",2021-03-14 00:21:13,"LOG","Saturday"
"301","TBNI20ST_20210314_002944__744.7_12-25_0.62_gun1.wav",1,5,NA,"TBNI20ST",2021-03-14,0,2021-03-14 00:29:44,"744.7",2021-03-14 00:42:08,"LOG","Sunday"
"302","TBNI20ST_20210314_102945__529.92_8-50_0.57_gun1.wav",1,5,NA,"TBNI20ST",2021-03-14,10,2021-03-14 10:29:45,"529.92",2021-03-14 10:38:34,"LOG","Sunday"
"303","TBNI20ST_20210314_202944__1309.63_21-50_0.69_gun2.wav",1,4,NA,"TBNI20ST",2021-03-14,20,2021-03-14 20:29:44,"1309.6",2021-03-14 20:51:33,"LOG","Sunday"
"304","TBNI20ST_20210314_202944__1351.23_22-31_0.71_gun2.wav",1,5,NA,"TBNI20ST",2021-03-14,20,2021-03-14 20:29:44,"1351.2",2021-03-14 20:52:15,"LOG","Sunday"
"305","TBNI20ST_20210315_022945__531.58_8-52_0.6_gun1.wav",1,4,1,"TBNI20ST",2021-03-15,2,2021-03-15 02:29:45,"531.58",2021-03-15 02:38:36,"LOG","Monday"
"306","TBNI21ST_20210716_232957__1782.34_29-42_0.5_gun1.wav",1,4,NA,"TBNI21ST",2021-07-16,23,2021-07-16 23:29:57,"1782.3",2021-07-16 23:59:39,"PP","Friday"
"307","TBNI21ST_20210718_072955__1347.46_22-27_0.5_gun1.wav",1,4,1,"TBNI21ST",2021-07-18,7,2021-07-18 07:29:55,"1347.4",2021-07-18 07:52:22,"PP","Sunday"
"308","TBNI21ST_20210719_195950__932.8_15-33_0.53_gun1.wav",1,4,1,"TBNI21ST",2021-07-19,19,2021-07-19 19:59:50,"932.8",2021-07-19 20:15:22,"PP","Monday"
"309","TBNI21ST_20210719_205947__1005.7_16-46_0.57_gun1.wav",1,5,NA,"TBNI21ST",2021-07-19,20,2021-07-19 20:59:47,"1005.7",2021-07-19 21:16:32,"PP","Monday"
"310","TBNI21ST_20210722_005941__37.57_0-38_0.69_gun1.wav",1,5,NA,"TBNI21ST",2021-07-22,0,2021-07-22 00:59:41,"37.57",2021-07-22 01:00:18,"PP","Thursday"
"311","TBNI21ST_20210722_225938__1386.18_23-6_0.61_gun1.wav",1,4,1,"TBNI21ST",2021-07-22,22,2021-07-22 22:59:38,"1386.1",2021-07-22 23:22:44,"PP","Thursday"
"312","TBNI22ST_20210719_195948__937.98_15-38_0.62_gun1.wav",1,5,NA,"TBNI22ST",2021-07-19,19,2021-07-19 19:59:48,"937.98",2021-07-19 20:15:25,"PP","Monday"
"313","TBNI22ST_20210719_205948__1011.07_16-51_0.62_gun1.wav",1,5,NA,"TBNI22ST",2021-07-19,20,2021-07-19 20:59:48,"1011.0",2021-07-19 21:16:39,"PP","Monday"
"314","TBNI22ST_20210722_005936__44.61_0-45_0.58_gun1.wav",1,5,NA,"TBNI22ST",2021-07-22,0,2021-07-22 00:59:36,"44.61",2021-07-22 01:00:20,"PP","Thursday"
"315","TBNI23ST_20210719_195950__936.77_15-37_0.56_gun1.wav",1,4,1,"TBNI23ST",2021-07-19,19,2021-07-19 19:59:50,"936.77",2021-07-19 20:15:26,"PP","Monday"
"316","TBNI23ST_20210719_205950__1009.98_16-50_0.66_gun1.wav",1,5,NA,"TBNI23ST",2021-07-19,20,2021-07-19 20:59:50,"1009.9",2021-07-19 21:16:39,"PP","Monday"
"317","TBNI23ST_20210721_202944__402.24_6-42_0.55_gun1.wav",1,4,1,"TBNI23ST",2021-07-21,20,2021-07-21 20:29:44,"402.24",2021-07-21 20:36:26,"PP","Wednesday"
"318","TBNI24ST_20210719_200000__934.02_15-34_0.58_gun1.wav",1,4,1,"TBNI24ST",2021-07-19,20,2021-07-19 20:00:00,"934.02",2021-07-19 20:15:34,"PP","Monday"
"319","TBNI24ST_20210719_210000__1007.55_16-48_0.63_gun1.wav",1,4,1,"TBNI24ST",2021-07-19,21,2021-07-19 21:00:00,"1007.5",2021-07-19 21:16:47,"PP","Monday"
"320","TBNI24ST_20210721_203000__399.68_6-40_0.58_gun1.wav",1,4,1,"TBNI24ST",2021-07-21,20,2021-07-21 20:30:00,"399.68",2021-07-21 20:36:39,"PP","Wednesday"
"321","TBNI24ST_20210721_220000__81.73_1-22_0.52_gun1.wav",1,5,NA,"TBNI24ST",2021-07-21,22,2021-07-21 22:00:00,"81.73",2021-07-21 22:01:21,"PP","Wednesday"
"322","TBNI25ST_20210717_023000__973.82_16-14_0.58_gun1.wav",1,5,NA,"TBNI25ST",2021-07-17,2,2021-07-17 02:30:00,"973.82",2021-07-17 02:46:13,"PP","Saturday"
"323","TBNI25ST_20210719_200000__934.4_15-34_0.57_gun1.wav",1,4,1,"TBNI25ST",2021-07-19,20,2021-07-19 20:00:00,"934.4",2021-07-19 20:15:34,"PP","Monday"
"324","TBNI25ST_20210719_210000__1007.87_16-48_0.64_gun1.wav",1,5,NA,"TBNI25ST",2021-07-19,21,2021-07-19 21:00:00,"1007.8",2021-07-19 21:16:47,"PP","Monday"
"325","TBNI25ST_20210721_203000__403.71_6-44_0.65_gun1.wav",1,5,NA,"TBNI25ST",2021-07-21,20,2021-07-21 20:30:00,"403.71",2021-07-21 20:36:43,"PP","Wednesday"
"326","TBNI25ST_20210721_220000__85.44_1-25_0.57_gun1.wav",1,4,NA,"TBNI25ST",2021-07-21,22,2021-07-21 22:00:00,"85.44",2021-07-21 22:01:25,"PP","Wednesday"
"327","TBNI25ST_20210723_203000__1144.38_19-4_0.6_gun1.wav",1,5,NA,"TBNI25ST",2021-07-23,20,2021-07-23 20:30:00,"1144.3",2021-07-23 20:49:04,"PP","Friday"
"328","TBNI2LT__20210324_193000__712.51_11-53_0.53_gun1.wav",1,4,1,"TBNI2LT",2021-03-24,19,2021-03-24 19:30:00,"712.51",2021-03-24 19:41:52,"LOG","Wednesday"
"329","TBNI2LT__20210331_013000__200.13_3-20_0.54_gun2.wav",1,4,1,"TBNI2LT",2021-03-31,1,2021-03-31 01:30:00,"200.13",2021-03-31 01:33:20,"LOG","Wednesday"
"330","TBNI2LT__20210428_220000__1113.22_18-33_0.66_gun2.wav",1,4,1,"TBNI2LT",2021-04-28,22,2021-04-28 22:00:00,"1113.2",2021-04-28 22:18:33,"LOG","Wednesday"
"331","TBNI2LT__20210428_223000__305.92_5-6_0.58_gun1.wav",1,5,NA,"TBNI2LT",2021-04-28,22,2021-04-28 22:30:00,"305.92",2021-04-28 22:35:05,"LOG","Wednesday"
"332","TBNI2LT__20210428_223000__638.59_10-39_0.51_gun1.wav",1,4,1,"TBNI2LT",2021-04-28,22,2021-04-28 22:30:00,"638.59",2021-04-28 22:40:38,"LOG","Wednesday"
"333","TBNI2LT__20210428_230000__405.76_6-46_0.58_gun1.wav",1,5,NA,"TBNI2LT",2021-04-28,23,2021-04-28 23:00:00,"405.76",2021-04-28 23:06:45,"LOG","Wednesday"
"334","TBNI2LT__20210428_230000__577.92_9-38_0.66_gun2.wav",1,4,1,"TBNI2LT",2021-04-28,23,2021-04-28 23:00:00,"577.92",2021-04-28 23:09:37,"LOG","Wednesday"
"335","TBNI2LT__20210505_210000__1367.23_22-47_0.53_gun1.wav",1,4,NA,"TBNI2LT",2021-05-05,21,2021-05-05 21:00:00,"1367.2",2021-05-05 21:22:47,"LOG","Wednesday"
"336","TBNI2LT__20210512_020000__620.99_10-21_0.58_gun1.wav",1,4,NA,"TBNI2LT",2021-05-12,2,2021-05-12 02:00:00,"620.99",2021-05-12 02:10:20,"LOG","Wednesday"
"337","TBNI2LT__20210512_200000__1434.82_23-55_0.59_gun1.wav",1,4,1,"TBNI2LT",2021-05-12,20,2021-05-12 20:00:00,"1434.8",2021-05-12 20:23:54,"LOG","Wednesday"
"338","TBNI2LT__20210512_233000__1624.58_27-5_0.5_gun1.wav",1,4,1,"TBNI2LT",2021-05-12,23,2021-05-12 23:30:00,"1624.5",2021-05-12 23:57:04,"LOG","Wednesday"
"339","TBNI2LT__20210602_000000__1447.42_24-7_0.57_gun1.wav",1,5,NA,"TBNI2LT",2021-06-02,0,2021-06-02 00:00:00,"1447.4",2021-06-02 00:24:07,"LOG","Wednesday"
"340","TBNI2LT__20210602_023000__1067.01_17-47_0.51_gun1.wav",1,4,1,"TBNI2LT",2021-06-02,2,2021-06-02 02:30:00,"1067.0",2021-06-02 02:47:47,"LOG","Wednesday"
"341","TBNI2LT__20210602_023000__1267.84_21-8_0.56_gun2.wav",1,4,1,"TBNI2LT",2021-06-02,2,2021-06-02 02:30:00,"1267.8",2021-06-02 02:51:07,"LOG","Wednesday"
"342","TBNI2LT__20210602_033000__1242.18_20-42_0.53_gun1.wav",1,4,1,"TBNI2LT",2021-06-02,3,2021-06-02 03:30:00,"1242.1",2021-06-02 03:50:42,"LOG","Wednesday"
"343","TBNI2LT__20210602_190000__1725.7_28-46_0.58_gun1.wav",1,4,1,"TBNI2LT",2021-06-02,19,2021-06-02 19:00:00,"1725.7",2021-06-02 19:28:45,"LOG","Wednesday"
"344","TBNI2LT__20210602_193000__99.97_1-40_0.57_gun1.wav",1,4,1,"TBNI2LT",2021-06-02,19,2021-06-02 19:30:00,"99.97",2021-06-02 19:31:39,"LOG","Wednesday"
"345","TBNI2LT__20210630_043000__1280.7_21-21_0.58_gun1.wav",1,4,1,"TBNI2LT",2021-06-30,4,2021-06-30 04:30:00,"1280.7",2021-06-30 04:51:20,"LOG","Wednesday"
"346","TBNI3ST__20210305_233000__710.85_11-51_0.61_gun1.wav",1,5,NA,"TBNI3ST",2021-03-05,23,2021-03-05 23:30:00,"710.85",2021-03-05 23:41:50,"LOG","Friday"
"347","TBNI3ST__20210306_000000__195.65_3-16_0.56_gun1.wav",1,5,NA,"TBNI3ST",2021-03-06,0,2021-03-06 00:00:00,"195.65",2021-03-06 00:03:15,"LOG","Saturday"
"348","TBNI3ST__20210306_173000__1240.26_20-40_0.51_gun1.wav",1,5,NA,"TBNI3ST",2021-03-06,17,2021-03-06 17:30:00,"1240.2",2021-03-06 17:50:40,"LOG","Saturday"
"349","TBNI3ST__20210309_040000__476.99_7-57_0.51_gun1.wav",1,4,1,"TBNI3ST",2021-03-09,4,2021-03-09 04:00:00,"476.99",2021-03-09 04:07:56,"LOG","Tuesday"
"350","TBNI3ST__20210311_200000__640.83_10-41_0.61_gun1.wav",1,4,1,"TBNI3ST",2021-03-11,20,2021-03-11 20:00:00,"640.83",2021-03-11 20:10:40,"LOG","Thursday"
"351","TBNI4ST__20210305_233000__707.52_11-48_0.69_gun1.wav",1,5,NA,"TBNI4ST",2021-03-05,23,2021-03-05 23:30:00,"707.52",2021-03-05 23:41:47,"LOG","Friday"
"352","TBNI4ST__20210306_000000__192.32_3-12_0.58_gun1.wav",1,5,NA,"TBNI4ST",2021-03-06,0,2021-03-06 00:00:00,"192.32",2021-03-06 00:03:12,"LOG","Saturday"
"353","TBNI4ST__20210306_033000__763.01_12-43_0.5_gun1.wav",1,5,NA,"TBNI4ST",2021-03-06,3,2021-03-06 03:30:00,"763.01",2021-03-06 03:42:43,"LOG","Saturday"
"354","TBNI4ST__20210307_233000__905.79_15-6_0.55_gun1.wav",1,4,1,"TBNI4ST",2021-03-07,23,2021-03-07 23:30:00,"905.79",2021-03-07 23:45:05,"LOG","Sunday"
"355","TBNI4ST__20210311_180000__406.85_6-47_0.6_gun1.wav",1,4,NA,"TBNI4ST",2021-03-11,18,2021-03-11 18:00:00,"406.85",2021-03-11 18:06:46,"LOG","Thursday"
"356","TBNI4ST__20210311_190000__982.98_16-23_0.6_gun2.wav",1,4,1,"TBNI4ST",2021-03-11,19,2021-03-11 19:00:00,"982.98",2021-03-11 19:16:22,"LOG","Thursday"
"357","TBNI4ST__20210312_200000__211.46_3-31_0.51_gun1.wav",1,5,NA,"TBNI4ST",2021-03-12,20,2021-03-12 20:00:00,"211.46",2021-03-12 20:03:31,"LOG","Friday"
"358","TBNI4ST__20210313_033000__238.98_3-59_0.62_gun1.wav",1,5,NA,"TBNI4ST",2021-03-13,3,2021-03-13 03:30:00,"238.98",2021-03-13 03:33:58,"LOG","Saturday"
"359","TBNI6ST__20210306_235955__1509.31_25-9_0.51_gun1.wav",1,4,1,"TBNI6ST",2021-03-06,23,2021-03-06 23:59:55,"1509.3",2021-03-07 00:25:04,"LOG","Saturday"
"360","TBNI6ST__20210307_005954__307.01_5-7_0.54_gun1.wav",1,4,1,"TBNI6ST",2021-03-07,0,2021-03-07 00:59:54,"307.01",2021-03-07 01:05:01,"LOG","Sunday"
"361","TBNI6ST__20210311_222940__856.19_14-16_0.53_gun1.wav",1,4,1,"TBNI6ST",2021-03-11,22,2021-03-11 22:29:40,"856.19",2021-03-11 22:43:56,"LOG","Thursday"
"362","TBNI7LT__20210310_212946__420.99_7-1_0.51_gun1.wav",1,5,NA,"TBNI7LT",2021-03-10,21,2021-03-10 21:29:46,"420.99",2021-03-10 21:36:46,"LOG","Wednesday"
